Designator,Mid X,Mid Y,Rotation,Layer
C1,39.0,-54.6,0.0,top
C10,217.02,-117.6,0.0,top
C100,205.02,-54.6,0.0,top
C101,45.48,-120.53,0.0,top
C102,246.98,-76.6,0.0,top
C103,43.0,-132.5,0.0,top
C104,88.52,-75.6,0.0,top
C105,45.48,-124.47,0.0,top
C106,45.48,-126.44,0.0,top
C107,45.48,-128.41,0.0,top
C108,45.48,-130.38,0.0,top
C109,48.35,-120.53,0.0,top
C11,182.0,-94.6,0.0,top
C110,48.35,-122.5,0.0,top
C111,48.35,-124.47,0.0,top
C112,48.35,-126.44,0.0,top
C113,48.35,-128.41,0.0,top
C114,48.35,-130.38,0.0,top
C115,51.22,-120.53,0.0,top
C116,93.52,-79.6,0.0,top
C117,178.02,-74.6,0.0,top
C118,51.22,-122.5,0.0,top
C119,51.22,-124.47,0.0,top
C12,182.02,-38.1,0.0,top
C120,51.22,-126.44,0.0,top
C121,51.22,-128.41,0.0,top
C122,217.52,-101.6,0.0,top
C123,200.98,-134.1,0.0,top
C124,198.5,-118.6,0.0,top
C125,181.52,-70.1,0.0,top
C126,220.02,-34.1,0.0,top
C127,92.52,-99.1,0.0,top
C128,157.02,-93.6,0.0,top
C129,149.02,-110.1,0.0,top
C13,171.02,-38.6,0.0,top
C130,74.52,-50.1,0.0,top
C131,115.02,-54.6,0.0,top
C132,160.0,-54.6,0.0,top
C133,210.48,-55.6,0.0,top
C134,237.02,-82.1,0.0,top
C135,98.02,-75.6,0.0,top
C136,103.02,-79.1,0.0,top
C137,183.0,-78.1,0.0,top
C138,217.48,-106.6,0.0,top
C139,206.5,-130.6,0.0,top
C14,89.0,-128.1,0.0,top
C140,200.52,-124.1,0.0,top
C141,182.0,-86.1,0.0,top
C142,198.0,-34.6,0.0,top
C143,96.0,-95.6,0.0,top
C144,152.52,-99.6,0.0,top
C145,149.5,-104.6,0.0,top
C146,79.0,-54.6,0.0,top
C147,125.02,-55.1,0.0,top
C148,164.5,-51.1,0.0,top
C149,214.52,-59.1,0.0,top
C15,102.52,-85.1,0.0,top
C150,253.02,-72.6,0.0,top
C151,125.02,-79.1,0.0,top
C152,131.02,-75.6,0.0,top
C153,194.5,-74.6,0.0,top
C154,217.52,-112.1,0.0,top
C155,212.52,-134.6,0.0,top
C156,201.0,-129.1,0.0,top
C157,182.0,-90.1,0.0,top
C158,226.02,-38.6,0.0,top
C159,99.5,-88.6,0.0,top
C16,149.02,-144.1,0.0,top
C160,217.02,-94.1,0.0,top
C161,149.0,-153.6,0.0,top
C162,169.02,-64.1,0.0,top
C163,191.52,-63.1,0.0,top
C164,191.02,-71.1,0.0,top
C166,66.0274,-153.5,0.0,top
C17,46.5,-50.1,0.0,top
C18,87.52,-54.6,0.0,top
C19,134.5,-54.6,0.0,top
C2,82.98,-50.1,0.0,top
C20,178.0,-50.6,0.0,top
C21,221.98,-66.6,0.0,top
C22,242.1,-94.15,0.0,top
C23,66.0,-100.6,0.0,top
C24,142.52,-73.1,0.0,top
C25,204.02,-80.6,0.0,top
C26,222.02,-126.1,0.0,top
C27,181.98,-99.1,0.0,top
C28,178.48,-30.1,0.0,top
C29,177.5,-34.6,0.0,top
C3,130.48,-50.6,0.0,top
C30,89.0,-123.6,0.0,top
C31,106.52,-81.6,0.0,top
C32,149.02,-138.1,0.0,top
C33,53.0,-54.6,0.0,top
C34,92.0,-50.6,0.0,top
C35,139.0,-50.6,0.0,top
C36,182.98,-53.6,0.0,top
C37,225.48,-70.6,0.0,top
C38,66.02,-109.6,0.0,top
C39,65.98,-96.1,0.0,top
C4,174.52,-54.6,0.0,top
C40,149.02,-79.1,0.0,top
C41,208.02,-84.6,0.0,top
C42,227.02,-130.6,0.0,top
C43,183.98,-103.6,0.0,top
C44,172.02,-23.6,0.0,top
C45,194.0,-38.6,0.0,top
C46,89.0,-119.1,0.0,top
C47,111.02,-77.6,0.0,top
C48,149.02,-132.1,0.0,top
C49,57.52,-50.6,0.0,top
C5,218.02,-63.1,0.0,top
C50,96.02,-54.6,0.0,top
C51,142.98,-54.1,0.0,top
C52,186.98,-50.6,0.0,top
C53,229.48,-74.6,0.0,top
C54,66.02,-92.1,0.0,top
C55,67.48,-88.1,0.0,top
C56,153.98,-73.1,0.0,top
C57,212.02,-88.6,0.0,top
C58,231.52,-135.1,0.0,top
C59,187.52,-107.1,0.0,top
C6,240.48,-86.1,0.0,top
C60,168.5,-23.6,0.0,top
C61,204.02,-38.6,0.0,top
C62,89.0,-114.6,0.0,top
C63,104.52,-63.6,0.0,top
C64,149.02,-127.1,0.0,top
C65,61.98,-54.6,0.0,top
C66,100.02,-50.6,0.0,top
C67,147.52,-50.6,0.0,top
C68,195.98,-54.6,0.0,top
C69,236.98,-76.6,0.0,top
C7,65.98,-105.1,0.0,top
C70,71.02,-85.1,0.0,top
C71,73.98,-81.1,0.0,top
C72,160.98,-79.1,0.0,top
C73,215.48,-90.6,0.0,top
C74,235.52,-139.6,0.0,top
C75,191.48,-111.1,0.0,top
C76,163.5,-38.1,0.0,top
C77,209.02,-34.6,0.0,top
C78,89.0,-110.1,0.0,top
C79,120.65,-63.1,0.0,top
C8,137.02,-79.1,0.0,top
C80,149.02,-121.6,0.0,top
C81,66.02,-50.1,0.0,top
C82,106.5,-54.6,0.0,top
C83,152.0,-54.6,0.0,top
C84,200.52,-50.6,0.0,top
C85,241.98,-72.6,0.0,top
C86,79.02,-75.6,0.0,top
C87,83.52,-79.1,0.0,top
C88,172.98,-79.1,0.0,top
C89,217.52,-97.1,0.0,top
C9,198.98,-79.1,0.0,top
C90,239.02,-143.6,0.0,top
C91,195.02,-114.6,0.0,top
C92,181.52,-63.6,0.0,top
C93,214.52,-38.6,0.0,top
C94,89.02,-105.1,0.0,top
C95,161.02,-88.6,0.0,top
C96,149.02,-115.6,0.0,top
C97,70.48,-54.6,0.0,top
C98,110.52,-50.6,0.0,top
C99,156.0,-51.1,0.0,top
D101,66.0,-143.0,0.0,top
D129,66.0,-139.5,0.0,top
D130,66.0,-136.5,0.0,top
J101,45.77,-154.5,180.0,top
J105,52.77,-154.5,0.0,top
L101,58.5,-138.5,0.0,top
LED10,177.42,-36.55,0.0,top
LED100,237.0,-80.1,0.0,top
LED101,83.42,-77.15,0.0,top
LED102,178.0,-77.1,0.0,top
LED103,217.08,-115.55,0.0,top
LED104,206.58,-132.55,0.0,top
LED105,181.92,-84.65,0.0,top
LED106,89.0,-126.1,0.0,top
LED107,104.58,-65.55,0.0,top
LED108,149.08,-125.05,0.0,top
LED109,83.08,-52.55,0.0,top
LED11,89.08,-108.15,0.0,top
LED110,143.235,-52.55,0.0,top
LED111,204.92,-52.65,0.0,top
LED112,240.42,-84.15,0.0,top
LED113,88.42,-77.55,0.0,top
LED114,183.08,-76.05,0.0,top
LED115,221.92,-124.05,0.0,top
LED116,212.58,-132.65,0.0,top
LED117,181.92,-88.65,0.0,top
LED118,89.08,-121.55,0.0,top
LED119,120.5,-65.1,0.0,top
LED12,149.42,-102.55,0.0,top
LED120,149.08,-130.15,0.0,top
LED121,87.58,-52.65,0.0,top
LED122,147.42,-52.65,0.0,top
LED123,210.42,-53.65,0.0,top
LED124,242.08,-92.65,0.0,top
LED125,93.42,-77.55,0.0,top
LED126,194.58,-77.05,0.0,top
LED127,226.92,-128.65,0.0,top
LED128,235.58,-137.65,0.0,top
LED129,182.0,-92.6,0.0,top
LED13,46.42,-52.65,0.0,top
LED130,89.08,-117.15,0.0,top
LED131,103.08,-77.15,0.0,top
LED132,149.08,-136.15,0.0,top
LED133,92.0,-52.55,0.0,top
LED134,151.92,-52.65,0.0,top
LED135,214.42,-57.15,0.0,top
LED136,65.92,-107.65,0.0,top
LED137,97.92,-77.65,0.0,top
LED138,199.08,-77.05,0.0,top
LED139,231.42,-133.55,0.0,top
LED14,100.08,-52.65,0.0,top
LED140,239.08,-141.55,0.0,top
LED141,182.0,-97.15,0.0,top
LED142,89.08,-112.65,0.0,top
LED143,149.08,-151.15,0.0,top
LED144,149.0,-142.1,0.0,top
LED145,191.58,-61.15,0.0,top
LED146,191.08,-69.15,0.0,top
LED147,168.92,-62.15,0.0,top
LED148,168.58,-69.05,0.0,top
LED15,160.42,-52.65,0.0,top
LED16,221.92,-64.65,0.0,top
LED17,66.08,-99.05,0.0,top
LED18,131.0,-77.1,0.0,top
LED19,208.08,-82.65,0.0,top
LED2,96.08,-52.55,0.0,top
LED20,187.58,-105.65,0.0,top
LED21,178.42,-28.55,0.0,top
LED22,194.08,-36.55,0.0,top
LED23,89.0,-103.15,0.0,top
LED24,152.42,-98.05,0.0,top
LED25,52.92,-52.65,0.0,top
LED26,106.42,-52.55,0.0,top
LED27,164.42,-52.65,0.0,top
LED28,225.42,-68.65,0.0,top
LED29,66.0,-94.6,0.0,top
LED3,155.92,-52.65,0.0,top
LED30,136.92,-77.15,0.0,top
LED31,211.58,-86.65,0.0,top
LED32,191.58,-109.65,0.0,top
LED33,171.92,-22.05,0.0,top
LED34,198.0,-36.6,0.0,top
LED35,92.58,-97.15,0.0,top
LED36,156.92,-92.15,0.0,top
LED37,57.58,-52.65,0.0,top
LED38,110.58,-52.55,0.0,top
LED39,174.42,-52.65,0.0,top
LED4,218.08,-61.15,0.0,top
LED40,229.42,-72.65,0.0,top
LED41,65.92,-90.15,0.0,top
LED42,142.58,-77.05,0.0,top
LED43,215.58,-89.05,0.0,top
LED44,195.08,-113.15,0.0,top
LED45,168.5,-22.1,0.0,top
LED46,203.92,-36.55,0.0,top
LED47,96.0,-93.6,0.0,top
LED48,160.92,-87.15,0.0,top
LED49,62.0,-52.6,0.0,top
LED5,65.92,-103.55,0.0,top
LED50,114.92,-52.55,0.0,top
LED51,177.92,-52.65,0.0,top
LED52,237.0,-74.6,0.0,top
LED53,67.42,-86.65,0.0,top
LED54,148.92,-77.05,0.0,top
LED55,217.5,-95.6,0.0,top
LED56,198.58,-117.05,0.0,top
LED57,163.475,-36.39,0.0,top
LED58,209.0,-36.6,0.0,top
LED59,99.58,-90.15,0.0,top
LED6,124.92,-77.15,0.0,top
LED60,217.08,-92.65,0.0,top
LED61,66.08,-52.55,0.0,top
LED62,124.92,-52.65,0.0,top
LED63,182.92,-51.65,0.0,top
LED64,241.92,-74.65,0.0,top
LED65,70.92,-83.15,0.0,top
LED66,154.08,-77.05,0.0,top
LED67,217.58,-100.15,0.0,top
LED68,200.58,-122.15,0.0,top
LED69,170.92,-36.55,0.0,top
LED7,204.08,-79.15,0.0,top
LED70,214.42,-36.55,0.0,top
LED71,102.58,-86.65,0.0,top
LED72,149.08,-108.15,0.0,top
LED73,70.42,-52.55,0.0,top
LED74,130.42,-52.55,0.0,top
LED75,186.92,-52.65,0.0,top
LED76,246.92,-74.55,0.0,top
LED77,73.92,-79.65,0.0,top
LED78,161.08,-77.05,0.0,top
LED79,217.42,-105.15,0.0,top
LED8,184.0,-102.1,0.0,top
LED80,201.08,-127.15,0.0,top
LED81,181.58,-61.65,0.0,top
LED82,219.92,-36.55,0.0,top
LED83,106.5,-83.6,0.0,top
LED84,149.08,-113.65,0.0,top
LED85,74.58,-52.55,0.0,top
LED86,134.42,-52.65,0.0,top
LED87,195.92,-52.65,0.0,top
LED88,253.0,-74.6,0.0,top
LED89,78.92,-77.65,0.0,top
LED9,181.92,-36.55,0.0,top
LED90,173.0,-77.1,0.0,top
LED91,217.58,-110.55,0.0,top
LED92,201.08,-132.05,0.0,top
LED93,181.5,-68.1,0.0,top
LED94,226.08,-36.65,0.0,top
LED95,111.08,-79.15,0.0,top
LED96,149.08,-119.65,0.0,top
LED97,78.58,-52.55,0.0,top
LED98,138.92,-52.55,0.0,top
LED99,200.42,-52.65,0.0,top
Q101,65.95,-147.4375,90.0,top
Q102,60.0,-152.5,90.0,top
R1,63.0,-132.825,90.0,top
R101,54.825,-121.98,0.0,top
R103,54.825,-124.49,0.0,top
R104,54.825,-127.0,0.0,top
R105,54.825,-129.51,0.0,top
R106,54.825,-132.02,0.0,top
R107,42.5,-135.0,90.0,top
R108,58.835,-121.98,0.0,top
R109,58.835,-124.49,0.0,top
R111,58.835,-127.0,0.0,top
R112,58.835,-129.51,0.0,top
R113,58.835,-132.02,0.0,top
SW129,33.5775,-95.6,270.0,top
U1,48.0,-143.5,90.0,top
U103,60.0,-144.0,0.0,top
USB101,35.0291,-113.1,270.0,top
X101,46.0,-135.0,270.0,top
X102,44.75,-150.5,0.0,top
